{"layout":"col-1c","main_full_width":"no","main_space":{"top":"70","bottom":"30"},"google_rich_snippets":"yes","backtotop_btn":"no","favicon":"54","favicon_iphone":"54","favicon_ipad":"55","logo":"207","logo_2x":"208","logo_transparency":1895,"logo_transparency_2x":"","logo_mobile":"54","logo_mobile_2x":"55","body_background":{"image":"","repeat":"repeat","position":"left top","attachment":"","size":"","color":""},"text_color":"#8a8a8a","heading_color":"#232324","primary_color":"#3f54c0","secondary_color":"#232324","three_color":"#b5b7c4","border_color":"rgba(169,174,189,0.30)","page_loading_animation":"on","page_loading_style":"3","page_loading_custom":"","body_font_size":"16","font_source":"1","main_font":{"family":"Source Sans Pro","variant":["300","300italic","regular","italic","700","700italic"],"font":"google"},"secondary_font":{"family":"Montserrat","variant":["regular","italic","500","600","700","700italic"],"font":"google"},"highlight_font":{"family":"Playfair Display","variant":["regular","italic"],"font":"google"},"font_google_code":"","main_google_font_face":"","secondary_google_font_face":"","highlight_google_font_face":"","font_typekit_kit_id":"","main_typekit_font_face":"","secondary_typekit_font_face":"","highlight_typekit_font_face":"","header_layout":8,"header_full_width":"yes","header_transparency":"no","header_show_cart":"no","header_show_search":"yes","header_show_wishlist":"yes","header_show_social":"yes","header_custom_text":"Welcome to Optima Finance","store_phone":"+586 536 325","store_email":"info@la-studioweb.com","header7_block_top":"72","header_background":{"image":"","repeat":"repeat","position":"left top","attachment":"","size":"","color":"#fff"},"header_text_color":"#232324","header_link_color":"#232324","header_link_hover_color":"#3f54c0","mm_lv_1_color":"#232324","mm_lv_1_bg_color":"rgba(0,0,0,0)","mm_lv_1_hover_color":"#3f54c0","mm_lv_1_hover_bg_color":"rgba(0,0,0,0)","transparency_header_background":{"image":"","repeat":"repeat","position":"left top","attachment":"","size":"","color":"rgba(0,0,0,0)"},"transparency_header_text_color":"#fff","transparency_header_link_color":"#fff","transparency_header_link_hover_color":"#fff","transparency_mm_lv_1_color":"#fff","transparency_mm_lv_1_bg_color":"rgba(0,0,0,0)","transparency_mm_lv_1_hover_color":"#fff","transparency_mm_lv_1_hover_bg_color":"rgba(0,0,0,0)","offcanvas_background":"#fff","offcanvas_text_color":"#8a8a8a","offcanvas_heading_color":"#343538","offcanvas_link_color":"#232324","offcanvas_link_hover_color":"#3f54c0","mm_dropdown_bg":"#fff","mm_dropdown_link_color":"#8a8a8a","mm_dropdown_link_bg":"rgba(0,0,0,0)","mm_dropdown_link_hover_color":"#232324","mm_dropdown_link_hover_bg":"rgba(0,0,0,0)","mm_wide_dropdown_bg":"#fff","mm_wide_dropdown_heading_color":"#343538","mm_wide_dropdown_link_color":"#8a8a8a","mm_wide_dropdown_link_bg":"rgba(0,0,0,0)","mm_wide_dropdown_link_hover_color":"#232324","mm_wide_dropdown_link_hover_bg":"rgba(0,0,0,0)","header_mb_background":"#fff","header_mb_text_color":"#232324","mb_background":"#fff","mb_lv_1_color":"#232324","mb_lv_1_bg_color":"rgba(0,0,0,0)","mb_lv_1_hover_color":"#3f54c0","mb_lv_1_hover_bg_color":"#2635c4","mb_lv_2_color":"#232324","mb_lv_2_bg_color":"rgba(0,0,0,0)","mb_lv_2_hover_color":"#fff","mb_lv_2_hover_bg_color":"#3f54c0","page_title_bar_layout":"4","page_title_bar_background":{"image":"","repeat":"repeat","position":"left top","attachment":"","size":"","color":"rgba(247,247,247,0)"},"page_title_bar_heading_color":"#343538","page_title_bar_text_color":"#8a8a8a","page_title_bar_link_color":"#8a8a8a","page_title_bar_link_hover_color":"#343538","page_title_bar_spacing":{"top":"25","bottom":"25"},"page_title_bar_spacing_tablet":{"top":"25","bottom":"25"},"page_title_bar_spacing_mobile":{"top":"25","bottom":"25"},"woo_override_page_title_bar":"on","woo_page_title_bar_layout":"1","woo_page_title_bar_background":{"image":"http:\/\/optima.la-studioweb.com\/wp-content\/uploads\/2017\/03\/shop-page-header.jpg","repeat":"no-repeat","position":"center top","attachment":"","size":"cover","color":""},"woo_page_title_bar_heading_color":"#ffffff","woo_page_title_bar_text_color":"#ffffff","woo_page_title_bar_link_color":"#ffffff","woo_page_title_bar_link_hover_color":"#252634","woo_page_title_bar_spacing":{"top":"250","bottom":"250"},"woo_page_title_bar_spacing_tablet":{"top":"120","bottom":"120"},"woo_page_title_bar_spacing_mobile":{"top":"25","bottom":"25"},"footer_layout":"2col48","footer_full_width":"no","enable_footer_copyright":"yes","footer_copyright":"<div class=\"text-uppercase text-center font-size-11 letter-spacing-3\">\r\n    Copyright 2017 - Made with <span class=\"fa fa-heart text-color-primary\"><\/span> BY LA-STUDIO\r\n<\/div>","footer_background":{"image":"","repeat":"repeat","position":"left top","attachment":"","size":"","color":""},"footer_text_color":"#9395a0","footer_heading_color":"#fff","footer_link_color":"#9395a0","footer_link_hover_color":"#fff","footer_copyright_background_color":"#000","footer_copyright_text_color":"#9395a0","footer_copyright_link_color":"#9395a0","footer_copyright_link_hover_color":"#fff","layout_blog":"col-2cl","blog_small_layout":"off","page_title_bar_layout_blog":"inherit","blog_design":"grid_1","blog_post_column":{"xlg":"2","lg":"2","md":"2","sm":"2","xs":"1","mb":"1"},"featured_images_blog":"on","blog_thumbnail_size":"370x260","format_content_blog":"off","blog_content_display":"excerpt","blog_excerpt_length":"20","blog_masonry":"on","blog_pagination_type":"pagination","layout_single_post":"inherit","single_small_layout":"off","page_title_bar_layout_single":"inherit","featured_images_single":"on","blog_pn_nav":"on","blog_post_title":"below","blog_author_info":"on","blog_social_sharing_box":"on","blog_related_posts":"on","blog_related_design":"1","blog_related_by":"random","blog_related_max_post":"2","blog_comments":"on","layout_archive_product":"col-1c","catalog_mode":"off","catalog_mode_price":"off","woocommerce_shop_page_type":"grid","shop_catalog_grid_style":"3","woocommerce_shop_page_columns":{"xlg":"4","lg":"4","md":"3","sm":"2","xs":"1","mb":"1"},"product_per_page_allow":"12,15,30","product_per_page_default":"12","woocommerce_enable_crossfade_effect":"on","woocommerce_toggle_grid_list":"on","woocommerce_show_rating_on_catalog":"on","woocommerce_show_quickview_btn":"on","woocommerce_show_wishlist_btn":"on","woocommerce_show_compare_btn":"off","layout_single_product":"col-1c","woocommerce_product_page_design":"1","product_sharing":"on","product_popup":"on","related_products":"on","related_products_columns":{"xlg":"4","lg":"4","md":"3","sm":"2","xs":"1","mb":"1"},"upsell_products":"on","upsell_products_columns":{"xlg":"4","lg":"4","md":"3","sm":"2","xs":"1","mb":"1"},"crosssell_products":"on","crosssell_products_columns":{"xlg":"4","lg":"4","md":"3","sm":"2","xs":"1","mb":"1"},"layout_archive_portfolio":"col-1c","main_full_width_archive_portfolio":"inherit","main_space_archive_portfolio":{"top":"","bottom":""},"portfolio_display_type":"masonry","portfolio_display_style":"1","portfolio_column":{"xlg":"3","lg":"3","md":"2","sm":"2","xs":"1","mb":"1"},"portfolio_per_page":"9","portfolio_thumbnail_size":"370x320","layout_single_portfolio":"col-1c","single_portfolio_design":"1","single_portfolio_nextprev":"on","social_links":{"1":{"title":"Facebook","icon":"fa fa-facebook","link":"http:\/\/www.facebook.com"},"2":{"title":"Twitter","icon":"fa fa-twitter","link":"https:\/\/twitter.com"},"3":{"title":"LinkedIn","icon":"fa fa-linkedin","link":"https:\/\/www.linkedin.com\/"},"4":{"title":"Youtube","icon":"fa fa-youtube-play","link":"https:\/\/www.youtube.com"},"5":{"title":"Vimeo","icon":"fa fa-vimeo-square","link":"https:\/\/vimeo.com\/"}},"sharing_facebook":true,"sharing_twitter":true,"sharing_linkedin":true,"sharing_pinterest":true,"google_key":"AIzaSyCRVgKaDYPQokbMuy5fvGy-QoR44WNG7IA","la_custom_css":"","header_js":"","footer_js":"","import":"","pages_global_sidebar":"","portfolio_global_sidebar":"","portfolio_archive_global_sidebar":"","posts_global_sidebar":"","blog_archive_global_sidebar":"","sharing_reddit":"","sharing_google_plus":"","sharing_tumblr":"","sharing_vk":"","sharing_email":""}