{
  "sidebar-primary": {
    "search-3": {
      "title": "",
      "classes": "margin-bottom-20"
    },
    "nav_menu-6": {
      "title": "Categories",
      "nav_menu": 78,
      "classes": "widget-border"
    },
    "categories-3": {
      "title": "Categories",
      "count": 0,
      "hierarchical": 0,
      "dropdown": 0,
      "classes": "widget-border"
    },
    "archives-2": {
      "title": "Archive",
      "count": 0,
      "dropdown": 0,
      "classes": "widget-border"
    },
    "recent-posts-2": {
      "title": "Recent Posts",
      "number": 3,
      "show_date": true,
      "classes": "widget-border"
    },
    "text-13": {
      "title": "@Instagram",
      "text": "[instagram-feed imagepadding=5 cols=3 num=6]",
      "filter": false,
      "classes": "widget-border"
    },
    "tag_cloud-2": {
      "title": "Tags",
      "taxonomy": "post_tag",
      "classes": "widget-border"
    },
    "twitter_feed-3": {
      "title": "Recent Tweets",
      "screen_name": "",
      "number": "2",
      "classes": "widget-border"
    }
  },
  "sidebar-shop-filter": {
    "nav_menu-4": {
      "title": "Categories",
      "nav_menu": 86
    },
    "woocommerce_price_filter-2": {
      "title": "Price Range"
    },
    "woocommerce_layered_nav-2": {
      "title": "Color",
      "attribute": "",
      "display_type": "list",
      "query_type": "and"
    },
    "woocommerce_layered_nav-3": {
      "title": "Sizes",
      "attribute": "",
      "display_type": "list",
      "query_type": "and"
    }
  },
  "aside-widget": {
    "text-17": {
      "title": "LookBook",
      "text": "<div class=\"row\">\r\n    <a class=\"la-popup-slideshow padding-15 pull-left\" data-rel=\"la:footer-gallery\" href=\"http:\/\/optima.la-studioweb.com\/wp-content\/uploads\/2017\/02\/blog-post-7.jpg\">\r\n        <img src=\"http:\/\/optima.la-studioweb.com\/wp-content\/uploads\/2017\/02\/blog-post-7-70x70.jpg\" width=\"70\" height=\"70\" alt=\"#\" title=\"blog-post-7\"\/>\r\n    <\/a>\r\n    <a class=\"la-popup-slideshow padding-15 pull-left\" href=\"http:\/\/optima.la-studioweb.com\/wp-content\/uploads\/2017\/02\/blog-post-8.jpg\" data-rel=\"la:footer-gallery\">\r\n        <img src=\"http:\/\/optima.la-studioweb.com\/wp-content\/uploads\/2017\/02\/blog-post-8-70x70.jpg\" width=\"70\" height=\"70\" alt=\"blog-post-8\" title=\"blog-post-8\"\/>\r\n    <\/a>\r\n    <a class=\"la-popup-slideshow padding-15 pull-left\" href=\"http:\/\/optima.la-studioweb.com\/wp-content\/uploads\/2017\/02\/post-detail-3.jpg\" data-rel=\"la:footer-gallery\">\r\n        <img src=\"http:\/\/optima.la-studioweb.com\/wp-content\/uploads\/2017\/02\/post-detail-3-70x70.jpg\" width=\"70\" height=\"70\" alt=\"post-detail-3\" title=\"post-detail-3\"\/>\r\n    <\/a>\r\n    <a class=\"la-popup-slideshow padding-15 pull-left\" href=\"http:\/\/optima.la-studioweb.com\/wp-content\/uploads\/2017\/02\/blog-post-2.jpg\" data-rel=\"la:footer-gallery\">\r\n        <img src=\"http:\/\/optima.la-studioweb.com\/wp-content\/uploads\/2017\/02\/blog-post-2-70x70.jpg\" width=\"70\" height=\"70\" alt=\"blog-post-2\" title=\"blog-post-2\"\/>\r\n    <\/a>\r\n    <a class=\"la-popup-slideshow padding-15 pull-left\" href=\"http:\/\/optima.la-studioweb.com\/wp-content\/uploads\/2017\/02\/blog-post-4.jpg\" data-rel=\"la:footer-gallery\">\r\n        <img src=\"http:\/\/optima.la-studioweb.com\/wp-content\/uploads\/2017\/02\/blog-post-4-70x70.jpg\" width=\"70\" height=\"70\" alt=\"blog-post-4\" title=\"blog-post-4\"\/>\r\n    <\/a>\r\n    <a class=\"la-popup-slideshow padding-15 pull-left\" href=\"http:\/\/optima.la-studioweb.com\/wp-content\/uploads\/2016\/12\/blog-post-1.jpg\" data-rel=\"la:footer-gallery\">\r\n        <img src=\"http:\/\/optima.la-studioweb.com\/wp-content\/uploads\/2016\/12\/blog-post-1-70x70.jpg\" width=\"70\" height=\"70\" alt=\"blog-post-1\" title=\"blog-post-1\"\/>\r\n    <\/a>\r\n<\/div>",
      "filter": false,
      "classes": ""
    },
    "text-18": {
      "title": "",
      "text": "<div class=\"text-uppercase font-size-11 letter-spacing-3\">\r\n    Copyright 2017 - Made with <span class=\"fa fa-heart text-color-primary\"><\/span> BY LA-STUDIO\r\n<\/div>",
      "filter": false,
      "classes": ""
    }
  },
  "f-col-1": {
    "text-2": {
      "title": "",
      "text": "<div class=\"text-center padding-top-50\">\r\n<p><a href=\"http:\/\/optima.la-studioweb.com\/\" rel=\"home\">\r\n<img src=\"http:\/\/optima.la-studioweb.com\/wp-content\/uploads\/2017\/03\/logo-gray.png\" alt=\"Optima\"\/>\r\n<\/a>\r\n<\/p>\r\n[la_social_link el_class=\"padding-top-5\"]\r\n<\/div>",
      "filter": false
    }
  },
  "f-col-2": {
    "contact_info-2": {
      "title": "Contact Info",
      "phone": "(+61 2) 9251 5600",
      "email": "info@la-studioweb.com",
      "address": "PO Box 16122 Collins Street West  Victoria 8007 Australia"
    }
  },
  "f-col-3": {
    "twitter_feed-2": {
      "title": "Latest Tweets",
      "screen_name": "",
      "number": "2",
      "enable_slider": "1",
      "classes": ""
    }
  },
  "f-col-4": {

  }
}