{
  "sidebar-primary": {
    "search-3": {
      "title": "",
      "classes": "margin-bottom-20"
    },
    "nav_menu-6": {
      "title": "Categories",
      "nav_menu": 78,
      "classes": "widget-border"
    },
    "categories-3": {
      "title": "Categories",
      "count": 0,
      "hierarchical": 0,
      "dropdown": 0,
      "classes": "widget-border"
    },
    "archives-2": {
      "title": "Archive",
      "count": 0,
      "dropdown": 0,
      "classes": "widget-border"
    },
    "recent-posts-2": {
      "title": "Recent Posts",
      "number": 3,
      "show_date": true,
      "classes": "widget-border"
    },
    "text-13": {
      "title": "@Instagram",
      "text": "[instagram-feed imagepadding=5 cols=3 num=6]",
      "filter": false,
      "classes": "widget-border"
    },
    "tag_cloud-2": {
      "title": "Tags",
      "taxonomy": "post_tag",
      "classes": "widget-border"
    },
    "twitter_feed-3": {
      "title": "Recent Tweets",
      "screen_name": "",
      "number": "2",
      "classes": "widget-border"
    }
  },
  "sidebar-shop-filter": {
    "nav_menu-4": {
      "title": "Categories",
      "nav_menu": 86
    },
    "woocommerce_price_filter-2": {
      "title": "Price Range"
    },
    "woocommerce_layered_nav-2": {
      "title": "Color",
      "attribute": "",
      "display_type": "list",
      "query_type": "and"
    },
    "woocommerce_layered_nav-3": {
      "title": "Sizes",
      "attribute": "",
      "display_type": "list",
      "query_type": "and"
    }
  },
  "aside-widget": {
    "text-3": {
      "title": "",
      "text": "[la_social_link]",
      "filter": false
    }
  },
  "f-col-1": {
    "text-25": {
      "title": "",
      "text": "<div class=\"text-uppercase font-size-11 letter-spacing-3\">Made with <span class=\"fa fa-heart text-color-primary\"><\/span> BY LA-STUDIO<\/div>",
      "filter": false,
      "classes": "padding-top-20"
    }
  },
  "f-col-2": {
    "yikes_easy_mc_widget-3": {
      "title": "",
      "form_id": "1",
      "form_description": "",
      "submit_text": "SUBSCRIBE",
      "classes": "subscribe-style-02"
    }
  },
  "f-col-3": {
    "text-24": {
      "title": "",
      "text": "[la_social_link]",
      "filter": false,
      "classes": "text-right padding-top-20"
    }
  },
  "f-col-4": {

  }
}