{
  "sidebar-primary": {
    "search-3": {
      "title": "",
      "classes": "margin-bottom-20"
    },
    "nav_menu-6": {
      "title": "Categories",
      "nav_menu": 78,
      "classes": "widget-border"
    },
    "categories-3": {
      "title": "Categories",
      "count": 0,
      "hierarchical": 0,
      "dropdown": 0,
      "classes": "widget-border"
    },
    "archives-2": {
      "title": "Archive",
      "count": 0,
      "dropdown": 0,
      "classes": "widget-border"
    },
    "recent-posts-2": {
      "title": "Recent Posts",
      "number": 3,
      "show_date": true,
      "classes": "widget-border"
    },
    "text-13": {
      "title": "@Instagram",
      "text": "[instagram-feed imagepadding=5 cols=3 num=6]",
      "filter": false,
      "classes": "widget-border"
    },
    "tag_cloud-2": {
      "title": "Tags",
      "taxonomy": "post_tag",
      "classes": "widget-border"
    },
    "twitter_feed-3": {
      "title": "Recent Tweets",
      "screen_name": "",
      "number": "2",
      "classes": "widget-border"
    }
  },
  "sidebar-shop-filter": {
    "nav_menu-4": {
      "title": "Categories",
      "nav_menu": 86
    },
    "woocommerce_price_filter-2": {
      "title": "Price Range"
    },
    "woocommerce_layered_nav-2": {
      "title": "Color",
      "attribute": "",
      "display_type": "list",
      "query_type": "and"
    },
    "woocommerce_layered_nav-3": {
      "title": "Sizes",
      "attribute": "",
      "display_type": "list",
      "query_type": "and"
    }
  },
  "aside-widget": {
    "text-3": {
      "title": "",
      "text": "[la_social_link]",
      "filter": false
    }
  },
  "f-col-1": {
    "text-26": {
      "title": "",
      "text": "<div class=\"col-xs-12 col-sm-10 col-md-8 col-xs-offset-0 col-sm-offset-1 col-md-offset-2\">\r\n\t<p>\r\n\t\t<a href=\"\/\" rel=\"home\">\r\n\t\t\t<img src=\"http:\/\/optima.la-studioweb.com\/wp-content\/uploads\/2017\/03\/logo-22-gold.png\" alt=\"Optima\"\/>\r\n\t\t<\/a>\r\n\t<\/p>\r\n\t[la_social_link el_class=\"padding-top-5 padding-bottom-20\"]\t\r\n\t<p class=\"padding-bottom-10\">Etiam tempus ex eu sem feugiat, at facilisis sem lobortis. Etiam at gravida mi. Fusce massa ex, vehicula vel nisi dapibus<\/p>\r\n\t<p class=\"text-uppercase font-size-11 letter-spacing-3\">Copyright 2017 - Made with <span class=\"fa fa-heart text-color-primary\"><\/span> BY LA-STUDIO<\/p>\r\n<\/div>",
      "filter": false,
      "classes": "text-center"
    }
  },
  "f-col-2": {
    "contact_info-2": {
      "title": "Contact Info",
      "phone": "(+61 2) 9251 5600",
      "email": "info@la-studioweb.com",
      "address": "PO Box 16122 Collins Street West  Victoria 8007 Australia"
    }
  },
  "f-col-3": {
    "twitter_feed-2": {
      "title": "Latest Tweets",
      "screen_name": "",
      "number": "2",
      "enable_slider": "1",
      "classes": ""
    }
  },
  "f-col-4": {

  }
}